date,country,fruit,unit_price,quantity,total_price
2017-10-21,US,Banana,0.3037114282472464,4,1.2148457129889856
2017-05-30,JP,Banana,0.2541090484203017,4,1.0164361936812067
2017-05-21,CA,Banana,0.2686347545742371,4,1.0745390182969483
2017-09-18,BR,Grape,2.21527701371842,2,4.43055402743684
2017-12-08,US,Banana,0.3083373291028292,5,1.541686645514146
2017-06-05,GB,Apple,0.8701175543437015,2,1.740235108687403
2017-09-05,JP,Banana,0.2791788319574101,7,1.954251823701871
2017-08-27,CA,Apple,1.0252648341711295,4,4.101059336684518
2017-09-14,CA,Apple,1.0788309028950054,4,4.3153236115800215
2017-05-26,GB,Grape,1.8409089481396277,2,3.6818178962792554
2017-08-01,CA,Grape,2.1062035354318187,1,2.1062035354318187
2017-07-05,BR,Apple,1.0558378642158335,2,2.111675728431667
2017-12-02,US,Orange,0.5235461716815624,5,2.617730858407812
2017-11-23,JP,Banana,0.2610017927617224,3,0.7830053782851673
2017-08-26,BR,Orange,0.5914463617438211,2,1.1828927234876423
2017-10-11,US,Orange,0.4360158341296202,4,1.7440633365184808
2017-05-19,US,Banana,0.26980582350058846,4,1.0792232940023538
2017-09-17,US,Orange,0.537479561639078,4,2.149918246556312
2017-07-17,JP,Grape,1.7406746035306726,3,5.222023810592018
2017-12-05,US,Apple,1.2449922272344236,1,1.2449922272344236
2017-10-26,BR,Orange,0.47649181715277733,6,2.858950902916664
2017-10-18,GB,Apple,1.0563320722312177,3,3.168996216693653
2017-05-08,BR,Orange,0.4657337473314803,2,0.9314674946629606
2017-09-07,US,Apple,1.0592779742223821,5,5.296389871111911
2017-12-29,GB,Grape,2.3418504890080927,1,2.3418504890080927
2017-12-22,JP,Orange,0.5732998716320533,4,2.2931994865282133
2017-10-20,CA,Orange,0.5543919129213652,2,1.1087838258427305
2017-05-22,GB,Banana,0.24566147147254216,6,1.473968828835253
2017-10-19,GB,Banana,0.23715040672797666,3,0.71145122018393
2017-10-01,CA,Banana,0.3268509203284469,3,0.9805527609853408
2017-09-06,GB,Apple,0.9331261645876341,3,2.7993784937629025
2017-08-27,US,Orange,0.49374649642132706,4,1.9749859856853083
2017-10-09,US,Apple,0.9263653095944536,2,1.8527306191889072
2017-12-03,US,Orange,0.48753565238180063,2,0.9750713047636013
2017-11-13,US,Orange,0.5980282141635523,2,1.1960564283271047
2017-10-05,CA,Banana,0.27289804336179946,5,1.3644902168089974
2017-12-17,JP,Grape,2.127316608244978,3,6.381949824734933
2017-04-02,GB,Apple,1.1286190948926955,1,1.1286190948926955
2017-12-30,US,Orange,0.5293874030592607,2,1.0587748061185214
2017-03-24,GB,Banana,0.23162498695355715,6,1.389749921721343
2017-06-11,CA,Grape,1.8133180670045224,2,3.6266361340090447
2017-08-25,GB,Grape,2.0229273195988076,2,4.045854639197615
2017-04-29,JP,Banana,0.26085548582635376,4,1.043421943305415
2017-10-15,BR,Apple,1.0190643343783428,4,4.076257337513371
2017-03-20,JP,Banana,0.27177244272506795,3,0.8153173281752039
2017-07-13,CA,Orange,0.4262471939158774,2,0.8524943878317548
2017-03-30,GB,Apple,1.0756289354487356,2,2.1512578708974712
2017-11-02,CA,Grape,1.8377527347504985,1,1.8377527347504985
2017-10-26,US,Grape,2.1008513227798056,1,2.1008513227798056
2017-08-12,BR,Orange,0.4671523946200716,6,2.8029143677204296
2017-06-06,US,Orange,0.5029115579136552,4,2.0116462316546206
2017-11-12,BR,Orange,0.5550163418275862,7,3.8851143927931036
2017-08-01,JP,Banana,0.24786241236901463,4,0.9914496494760585
2017-11-22,JP,Apple,0.9273308308707428,2,1.8546616617414855
2017-09-11,US,Banana,0.24080172256824958,4,0.9632068902729983
2017-09-21,US,Banana,0.25970325382907067,3,0.779109761487212
2017-03-02,GB,Orange,0.472246638994306,5,2.36123319497153
2017-10-20,JP,Orange,0.5038205755181666,2,1.0076411510363332
2017-08-04,GB,Grape,2.008121668095703,2,4.016243336191406
2017-06-23,BR,Apple,1.0283999824764647,5,5.141999912382324
2017-08-28,GB,Banana,0.2840463953711261,3,0.8521391861133782
2017-08-13,CA,Grape,2.0800058318777492,1,2.0800058318777492
2017-09-07,BR,Grape,1.77489337081281,2,3.54978674162562
2017-12-28,CA,Apple,0.943148123372448,3,2.829444370117344
2017-08-08,US,Orange,0.45561763881260975,2,0.9112352776252195
2017-11-18,GB,Banana,0.24810705515209924,2,0.4962141103041985
2017-09-28,US,Orange,0.49063567560968585,6,2.943814053658115
2017-12-11,CA,Orange,0.47968673896922265,3,1.4390602169076678
2017-08-05,US,Banana,0.26126684597181465,4,1.0450673838872586
2017-06-29,US,Apple,0.9156668677968247,2,1.8313337355936494
2017-12-15,CA,Banana,0.22693286988705338,4,0.9077314795482135
2017-03-17,CA,Banana,0.2861453289637285,6,1.716871973782371
2017-12-22,JP,Grape,2.141661609988843,1,2.141661609988843
2017-09-29,US,Banana,0.26178752800114663,3,0.78536258400344
2017-08-12,JP,Banana,0.21797611213523552,3,0.6539283364057066
2017-12-31,JP,Orange,0.414654012907222,4,1.658616051628888
2017-03-28,CA,Orange,0.5468899530102797,4,2.1875598120411186
2017-09-19,US,Orange,0.4587501654265431,4,1.8350006617061725
2017-03-05,US,Banana,0.275772167083214,4,1.103088668332856
2017-10-03,GB,Banana,0.23469750838669698,4,0.9387900335467879
2017-06-03,CA,Orange,0.5014100906016435,3,1.5042302718049307
2017-10-17,GB,Orange,0.5441084274171089,2,1.0882168548342177
2017-12-28,GB,Apple,0.9146317340665235,2,1.829263468133047
2017-12-08,JP,Banana,0.24631180077328627,5,1.2315590038664312
2017-09-02,JP,Grape,2.1143776074231933,1,2.1143776074231933
2017-11-04,JP,Banana,0.24163119267635086,4,0.9665247707054034
2017-11-19,JP,Apple,1.065269294105189,2,2.130538588210378
2017-09-13,CA,Banana,0.21579314010769804,2,0.4315862802153961
2017-09-22,BR,Orange,0.45427631666333734,5,2.271381583316687
2017-05-21,CA,Banana,0.24971860848718067,6,1.498311650923084
2017-08-10,CA,Grape,1.8006360229360212,2,3.6012720458720424
2017-05-17,US,Banana,0.27997105293045776,9,2.51973947637412
2017-11-08,CA,Banana,0.2534581969604682,5,1.2672909848023408
2017-09-08,US,Orange,0.46300018687052313,4,1.8520007474820925
2017-09-01,US,Grape,1.838967763036498,3,5.516903289109494
2017-12-10,US,Grape,2.266402487947416,1,2.266402487947416
2017-09-22,CA,Grape,2.1662257062469945,1,2.1662257062469945
2017-08-21,US,Banana,0.29797437048555325,2,0.5959487409711065
2017-07-07,US,Orange,0.4263967869009899,4,1.7055871476039597
2017-04-07,US,Orange,0.4267653334403372,5,2.133826667201686
2017-08-24,US,Orange,0.4972562280459286,2,0.9945124560918572
2017-02-27,BR,Orange,0.5604449570247502,3,1.6813348710742506
2017-07-15,GB,Apple,1.2081932590654243,3,3.624579777196273
2017-09-15,US,Banana,0.2317900285173266,5,1.158950142586633
2017-12-25,CA,Orange,0.50722096283683,3,1.5216628885104901
2017-04-30,BR,Orange,0.4264580263110223,2,0.8529160526220446
2017-10-27,JP,Orange,0.523096925178556,5,2.6154846258927797
2017-09-14,GB,Apple,1.2008120648537013,3,3.602436194561104
2017-11-18,US,Apple,1.0750497368870657,4,4.300198947548263
2017-05-18,JP,Banana,0.2897504217221527,7,2.0282529520550687
2017-04-15,US,Grape,1.947962634278694,2,3.895925268557388
2017-08-18,US,Grape,1.9133104065529445,1,1.9133104065529445
2017-11-23,US,Apple,0.9605824539856869,2,1.9211649079713737
2017-06-08,JP,Grape,2.0413235074504263,4,8.165294029801705
2017-11-16,GB,Apple,1.0447544862455465,3,3.1342634587366396
2017-07-15,CA,Banana,0.23574893419376078,6,1.4144936051625647
2017-06-18,CA,Apple,0.8234508390796427,1,0.8234508390796427
2017-02-16,JP,Grape,1.9063333546044579,1,1.9063333546044579
2017-08-18,GB,Grape,2.1640533112324722,1,2.1640533112324722
2017-08-13,US,Orange,0.5152615803398682,1,0.5152615803398682
2017-10-24,JP,Banana,0.27089520880337414,2,0.5417904176067483
2017-04-06,US,Orange,0.5191401455867317,3,1.5574204367601951
2017-05-22,BR,Banana,0.2656919007485625,4,1.06276760299425
2017-02-16,CA,Grape,1.8208772616655269,2,3.6417545233310538
2017-05-02,JP,Orange,0.5801057347997358,1,0.5801057347997358
2017-10-22,CA,Orange,0.4892549634083977,1,0.4892549634083977
2017-08-19,US,Grape,2.122273149108021,1,2.122273149108021
2017-07-25,US,Grape,2.121086373148929,1,2.121086373148929
2017-09-29,CA,Banana,0.240426623827958,2,0.480853247655916
2017-12-30,BR,Grape,2.153485196728546,2,4.306970393457092
2017-11-30,US,Orange,0.5150930062554775,3,1.5452790187664325
2017-11-02,GB,Grape,1.9253085953996034,2,3.850617190799207
2017-12-16,US,Banana,0.20155749410951523,7,1.4109024587666066
2017-03-13,JP,Banana,0.288292249541982,5,1.44146124770991
2017-04-06,JP,Orange,0.44312492114073404,2,0.8862498422814681
2017-09-08,GB,Grape,1.8168613910966163,1,1.8168613910966163
2017-08-03,US,Banana,0.2702245962551973,2,0.5404491925103946
2017-12-20,US,Banana,0.24884096769448694,7,1.7418867738614086
2017-09-12,US,Banana,0.20874721559009315,4,0.8349888623603726
2017-09-25,US,Orange,0.46759325234917737,3,1.402779757047532
2017-12-12,CA,Banana,0.23818762248357192,2,0.47637524496714384
2017-08-31,JP,Orange,0.542249982752133,5,2.711249913760665
2017-12-08,US,Banana,0.28281074650465016,3,0.8484322395139505
2017-07-02,BR,Orange,0.5367801161452116,3,1.610340348435635
2017-07-09,CA,Grape,2.0665355818229583,2,4.1330711636459165
2017-07-28,CA,Apple,0.8891840148553897,3,2.667552044566169
2017-09-27,BR,Orange,0.4932769098810465,2,0.986553819762093
2017-06-19,GB,Grape,1.5891717262057343,3,4.767515178617203
2017-10-26,CA,Apple,1.027002241857072,3,3.081006725571216
2017-05-17,CA,Grape,1.96310453219391,1,1.96310453219391
2017-04-21,GB,Apple,0.9337036191956832,3,2.80111085758705
2017-12-07,US,Grape,1.4958304989081375,2,2.991660997816275
2017-06-26,US,Grape,1.8743212556936923,2,3.7486425113873847
2017-08-14,US,Orange,0.5184127747769933,5,2.5920638738849666
2017-10-03,JP,Grape,2.273595477241762,1,2.273595477241762
2017-09-21,CA,Grape,2.0026779169044615,1,2.0026779169044615
2017-04-10,JP,Banana,0.22061022527843122,4,0.8824409011137249
2017-12-08,GB,Apple,1.11689506092386,4,4.46758024369544
2017-12-22,US,Orange,0.5168236379049977,6,3.1009418274299865
2017-11-26,CA,Grape,2.0326320009814722,3,6.097896002944417
2017-07-13,US,Orange,0.5144667182421688,3,1.5434001547265064
2017-09-22,US,Grape,2.0943071249502485,2,4.188614249900497
2017-07-31,BR,Apple,0.9240393001167247,1,0.9240393001167247
2017-09-28,GB,Grape,1.721327619661287,1,1.721327619661287
2017-12-27,GB,Grape,1.5862694499567567,2,3.1725388999135133
2017-07-22,CA,Orange,0.5507966677064908,5,2.7539833385324544
2017-10-26,BR,Banana,0.2857007143853748,3,0.8571021431561244
2017-07-27,US,Banana,0.24461761840878252,6,1.4677057104526952
2017-11-18,US,Apple,1.0737216157884268,4,4.294886463153707
2017-07-27,US,Orange,0.5206795935958373,3,1.5620387807875118
2017-12-11,US,Orange,0.48270960631016385,1,0.48270960631016385
2017-11-13,GB,Grape,2.2872678100936343,1,2.2872678100936343
2017-11-15,JP,Orange,0.5092004117718579,2,1.0184008235437159
2017-09-06,JP,Orange,0.429546864913118,5,2.14773432456559
2017-06-15,CA,Banana,0.2644512405237182,3,0.7933537215711546
2017-03-15,US,Apple,0.9523526634011994,1,0.9523526634011994
2017-07-26,US,Apple,1.145127163636567,2,2.290254327273134
2017-03-11,CA,Apple,1.0836624630018195,3,3.2509873890054584
2017-10-31,US,Banana,0.23205327949646562,5,1.1602663974823282
2017-10-26,CA,Grape,1.628486596909132,1,1.628486596909132
2017-08-27,CA,Apple,0.9380719091074201,4,3.7522876364296804
2017-11-16,US,Grape,2.0787122119843535,1,2.0787122119843535
2017-09-24,US,Apple,0.9649983501701629,2,1.9299967003403258
2017-03-13,US,Apple,0.8999019928002854,4,3.5996079712011415
2017-05-13,US,Banana,0.23154680651603465,5,1.1577340325801733
2017-06-08,JP,Apple,0.8961374710609586,3,2.688412413182876
2017-07-30,US,Grape,1.9519328133875886,2,3.9038656267751772
2017-03-24,US,Banana,0.26621862979152644,3,0.7986558893745793
2017-10-11,US,Banana,0.28923742382100087,3,0.8677122714630026
2017-09-17,CA,Apple,1.2193570928755761,2,2.4387141857511523
2017-10-14,US,Banana,0.2904942093596529,5,1.4524710467982647
2017-08-28,GB,Apple,0.9675534318341268,5,4.8377671591706335
2017-12-03,US,Banana,0.26824172443637384,5,1.341208622181869
2017-09-02,GB,Orange,0.48434388625382774,7,3.3904072037767943
2017-02-14,GB,Orange,0.5061933397047071,2,1.0123866794094143
2017-12-07,GB,Banana,0.23213825914889824,1,0.23213825914889824
2017-10-23,GB,Banana,0.21999384311447873,2,0.43998768622895745
2017-11-28,US,Apple,0.8580624286718471,2,1.7161248573436942
2017-12-22,JP,Grape,2.1697554586166685,1,2.1697554586166685
2017-03-23,US,Grape,1.680597757582922,1,1.680597757582922
2017-06-25,GB,Apple,0.9227706176406475,2,1.845541235281295
2017-04-01,US,Banana,0.22507033326870873,1,0.22507033326870873
2017-08-25,US,Apple,0.9513463699105273,4,3.8053854796421094
2017-12-06,CA,Banana,0.24653835686423087,4,0.9861534274569235
2017-04-14,GB,Apple,1.0379958786482184,2,2.075991757296437
2017-09-07,US,Orange,0.5320633495547948,3,1.5961900486643845
2017-05-09,GB,Grape,2.2996455153372177,1,2.2996455153372177
2017-11-18,US,Banana,0.26463759913971413,3,0.7939127974191424
2017-12-01,CA,Apple,1.0295704868001518,4,4.118281947200607
2017-03-16,US,Banana,0.2652770787827254,2,0.5305541575654508
2017-09-11,JP,Banana,0.225343851283729,4,0.901375405134916
2017-06-27,CA,Orange,0.5119108785198241,4,2.0476435140792963
2017-12-23,GB,Apple,1.1506204335952788,3,3.4518613007858363
2017-12-21,US,Orange,0.4089830577931716,3,1.2269491733795148
2017-10-13,US,Orange,0.5233797107878368,2,1.0467594215756737
2017-12-27,GB,Apple,1.0104365763153567,2,2.0208731526307133
2017-08-02,BR,Grape,2.1219030611312797,2,4.243806122262559
2017-12-12,US,Banana,0.2224945447124774,3,0.6674836341374322
2017-08-28,US,Banana,0.23695446130327524,5,1.1847723065163762
2017-06-25,JP,Banana,0.2113623409704457,5,1.0568117048522285
2017-12-20,CA,Orange,0.4560558676767292,5,2.2802793383836457
2017-10-29,US,Grape,1.5986684356587484,2,3.1973368713174968
2017-04-02,US,Banana,0.24733657953903784,7,1.7313560567732649
2017-12-07,GB,Apple,0.9517540103121863,5,4.758770051560932
2017-11-02,CA,Apple,1.1230002179653134,3,3.36900065389594
2017-10-11,CA,Grape,2.3748769376690886,1,2.3748769376690886
2017-11-09,JP,Apple,1.033559872994602,4,4.134239491978408
2017-07-02,CA,Orange,0.5443798755104013,4,2.1775195020416054
2017-10-10,US,Orange,0.6012141829323333,2,1.2024283658646666
2017-11-26,BR,Grape,2.1639492620786456,1,2.1639492620786456
2017-03-25,JP,Banana,0.24340351648900208,5,1.2170175824450105
2017-05-11,US,Apple,0.8873117467783478,4,3.549246987113391
2017-12-02,US,Banana,0.2660384895564103,3,0.7981154686692309
2017-10-14,JP,Banana,0.20747229675252604,7,1.4523060772676823
2017-09-23,US,Apple,0.8016589198869821,3,2.404976759660946
2017-06-30,CA,Orange,0.5399409803015267,2,1.0798819606030534
2017-07-16,US,Grape,1.9776218584722882,2,3.9552437169445764
2017-12-07,JP,Apple,1.0978242141200831,2,2.1956484282401663
2017-08-25,GB,Banana,0.21208933671351302,5,1.060446683567565
2017-04-02,CA,Grape,2.348348320540773,1,2.348348320540773
2017-12-12,US,Orange,0.5124395345602061,6,3.0746372073612367
2017-06-12,GB,Grape,1.6176018734269657,3,4.852805620280897
2017-11-28,JP,Banana,0.235918728352797,4,0.943674913411188
2017-12-09,GB,Orange,0.4695585903437304,2,0.9391171806874608
2017-09-11,US,Banana,0.2416580407358021,4,0.9666321629432084
2017-10-09,CA,Grape,2.0014808365834567,1,2.0014808365834567
2017-09-22,JP,Banana,0.2512514310418995,4,1.005005724167598
2017-10-16,US,Banana,0.24986265546168496,3,0.7495879663850549
2017-12-04,GB,Orange,0.44104408546279533,1,0.44104408546279533
2017-07-12,BR,Grape,2.1338735555237225,1,2.1338735555237225
2017-12-10,JP,Banana,0.24184409479811836,4,0.9673763791924734
2017-10-02,CA,Orange,0.4588176118224605,2,0.917635223644921
2017-05-03,CA,Grape,2.1100735800093227,1,2.1100735800093227
2017-06-22,JP,Grape,2.384153545462143,1,2.384153545462143
2017-10-09,BR,Grape,2.231244762319196,1,2.231244762319196
2017-06-27,US,Orange,0.4963695496792264,2,0.9927390993584528
2017-05-12,GB,Orange,0.35568695631775654,2,0.7113739126355131
2017-05-26,CA,Banana,0.2753504944382479,2,0.5507009888764958
2017-12-02,CA,Apple,1.028934706135346,5,5.14467353067673
2017-10-10,US,Grape,1.7515786902146406,2,3.5031573804292813
2017-12-25,GB,Grape,2.0800352443139802,1,2.0800352443139802
2017-08-02,US,Grape,1.9961218692776999,2,3.9922437385553997
2017-10-08,GB,Banana,0.27507607590512706,5,1.3753803795256352
2017-10-09,GB,Grape,2.0418400193993667,1,2.0418400193993667
2017-10-13,CA,Apple,1.0208986639274868,4,4.083594655709947
2017-03-29,GB,Orange,0.5539056577397726,2,1.1078113154795453
2017-11-13,CA,Grape,1.944958612485681,2,3.889917224971362
2017-12-22,CA,Apple,1.0033056095723927,5,5.016528047861963
2017-09-23,GB,Apple,1.0989873108841361,2,2.1979746217682723
2017-06-08,US,Banana,0.26012558321099455,9,2.341130248898951
2017-11-13,US,Banana,0.22908185791739766,2,0.4581637158347953
2017-01-31,US,Apple,0.8342965102292319,2,1.6685930204584638
2017-07-28,US,Apple,0.9278044864153326,6,5.566826918491996
2017-12-16,CA,Orange,0.4641561402030984,4,1.8566245608123937
2017-10-07,CA,Banana,0.2955188895128038,5,1.477594447564019
2017-12-04,GB,Apple,0.9345295915260006,1,0.9345295915260006
2017-10-11,US,Banana,0.27913572302054795,6,1.6748143381232876
2017-11-28,CA,Banana,0.26718666456619267,1,0.26718666456619267
2017-12-09,US,Orange,0.5353995989659673,2,1.0707991979319347
2017-07-25,US,Grape,1.8246722014331436,2,3.649344402866287
2017-05-07,CA,Grape,2.0582658052574474,2,4.116531610514895
2017-11-07,GB,Apple,1.139155516128207,1,1.139155516128207
2017-08-30,CA,Orange,0.4390397863355644,2,0.8780795726711288
2017-05-09,US,Apple,0.9877547028037611,3,2.963264108411283
2017-10-07,US,Orange,0.4975584242065684,4,1.9902336968262735
2017-03-10,GB,Banana,0.23469124274896624,6,1.4081474564937975
2017-06-11,CA,Banana,0.22121446766105557,3,0.6636434029831667
2017-11-21,US,Banana,0.26545176762723066,4,1.0618070705089226
2017-02-09,US,Orange,0.4970064064414484,3,1.4910192193243452
2017-07-19,GB,Banana,0.18660127550516553,9,1.6794114795464898
2017-02-22,CA,Apple,0.931940795085475,2,1.86388159017095
2017-12-31,JP,Grape,2.125351959244892,2,4.250703918489784
2017-10-05,US,Grape,1.938314805997201,1,1.938314805997201
2017-07-16,CA,Banana,0.25785239944661653,3,0.7735571983398496
2017-12-18,GB,Banana,0.24206767647990382,2,0.48413535295980764
2017-09-16,CA,Orange,0.5382401275163705,3,1.6147203825491117
2017-09-03,US,Orange,0.5386786560071182,3,1.6160359680213545
2017-10-07,CA,Orange,0.4227849391748521,2,0.8455698783497042
2017-07-05,US,Apple,1.12646013265084,2,2.25292026530168
2017-07-20,US,Orange,0.47406777915076864,4,1.8962711166030746
2017-08-10,GB,Apple,1.1016913074453496,2,2.203382614890699
2017-06-28,US,Banana,0.2762197404884408,6,1.6573184429306447
2017-10-06,CA,Orange,0.38994433354673463,4,1.5597773341869385
2017-11-01,CA,Apple,1.2154988471777461,5,6.0774942358887305
2017-04-07,JP,Orange,0.5681455627282702,5,2.840727813641351
2017-12-26,GB,Apple,1.103438441894748,1,1.103438441894748
2017-11-13,BR,Grape,2.154550354494743,1,2.154550354494743
2017-11-24,GB,Banana,0.22989161193551164,3,0.6896748358065349
2017-11-13,GB,Grape,2.157139967761165,1,2.157139967761165
2017-04-12,CA,Orange,0.5281603697232835,6,3.168962218339701
2017-09-10,CA,Banana,0.28134163448584026,2,0.5626832689716805
2017-08-31,GB,Apple,0.9151649591505941,4,3.6606598366023766
2017-10-26,GB,Orange,0.5412535482546571,2,1.0825070965093142
2017-09-01,US,Orange,0.49794178285256724,3,1.4938253485577018
2017-11-03,GB,Orange,0.5750379063256346,3,1.7251137189769037
2017-10-28,US,Grape,1.7409228737234224,3,5.2227686211702675
2017-11-01,GB,Grape,1.8319396713385137,1,1.8319396713385137
2017-10-14,US,Orange,0.4237248862319982,1,0.4237248862319982
2017-05-21,CA,Grape,2.283832488387643,1,2.283832488387643
2017-11-15,US,Orange,0.4903913679672996,3,1.4711741039018988
2017-11-19,CA,Grape,1.9148295656483296,2,3.8296591312966592
2017-12-14,US,Apple,0.9775354405795753,4,3.9101417623183012
2017-06-24,CA,Grape,2.0773209753160105,1,2.0773209753160105
2017-06-02,CA,Orange,0.5008585430871375,1,0.5008585430871375
2017-08-16,GB,Apple,0.8513053809179365,2,1.702610761835873
2017-07-25,CA,Apple,0.9392251265272924,4,3.7569005061091696
2017-11-26,US,Orange,0.5276203374495735,2,1.055240674899147
2017-10-13,BR,Orange,0.5660357492153268,1,0.5660357492153268
2017-11-15,US,Banana,0.20172917553066372,4,0.8069167021226549
2017-08-26,BR,Apple,0.98908221894489,3,2.96724665683467
2017-04-24,US,Grape,1.7516560660361626,2,3.5033121320723253
2017-05-03,GB,Apple,1.0955885879461174,4,4.382354351784469
2017-08-11,JP,Banana,0.3024505781408363,3,0.9073517344225089
2017-06-09,CA,Apple,0.949621172764034,3,2.8488635182921023
2017-11-27,CA,Banana,0.24773290052544594,2,0.4954658010508919
2017-10-09,GB,Apple,0.8953858664150286,1,0.8953858664150286
2017-10-30,JP,Apple,0.8637593407933613,1,0.8637593407933613
2017-09-12,BR,Grape,1.7262516738718772,2,3.4525033477437543
2017-04-18,GB,Apple,0.9119600266413898,3,2.7358800799241694
2017-06-25,CA,Banana,0.2166180184732894,4,0.8664720738931576
2017-09-04,US,Orange,0.45950992670449137,3,1.3785297801134742
2017-06-11,GB,Orange,0.5041309770039428,3,1.5123929310118285
2017-02-27,GB,Orange,0.5597729541558963,3,1.6793188624676891
2017-11-08,JP,Grape,1.6347484979769478,5,8.173742489884738
2017-11-07,US,Orange,0.4807587166031098,1,0.4807587166031098
2017-07-29,CA,Apple,0.9452359480713505,5,4.726179740356752
2017-12-02,CA,Orange,0.4752830981463049,5,2.3764154907315245
2017-08-27,CA,Apple,0.9782472892179394,4,3.9129891568717574
2017-12-06,US,Grape,1.8772980530617407,1,1.8772980530617407
2017-10-23,US,Banana,0.2699460357046348,2,0.5398920714092696
2017-10-05,US,Grape,1.6627440335155699,1,1.6627440335155699
2017-06-11,US,Banana,0.2101553327707803,3,0.6304659983123408
2017-09-22,CA,Orange,0.46311491367252855,4,1.8524596546901142
2017-12-12,JP,Banana,0.24032624358499524,2,0.4806524871699905
2017-07-20,CA,Orange,0.5158323163800683,2,1.0316646327601366
2017-12-07,CA,Apple,1.068700479617752,3,3.206101438853256
2017-12-14,CA,Apple,0.9564623110898569,2,1.9129246221797138
2017-07-28,US,Banana,0.24377467055146465,5,1.2188733527573232
2017-10-29,GB,Apple,0.962806834805161,1,0.962806834805161
2017-12-13,CA,Banana,0.23434068409511355,2,0.4686813681902271
2017-04-10,JP,Banana,0.2683666121479673,2,0.5367332242959346
2017-12-09,US,Apple,0.99579225429193,3,2.98737676287579
2017-06-07,US,Orange,0.5865863969615279,3,1.7597591908845838
2017-12-03,CA,Orange,0.4727038511419138,5,2.3635192557095692
2017-10-25,US,Banana,0.2596293434222232,4,1.0385173736888929
2017-08-02,US,Orange,0.5028430444864633,3,1.50852913345939
2017-05-22,US,Banana,0.26401598290976913,4,1.0560639316390765
2017-10-18,US,Banana,0.23113722151483052,4,0.9245488860593221
2017-12-03,GB,Grape,2.056576366813787,1,2.056576366813787
2017-11-28,CA,Grape,2.2086065472147665,1,2.2086065472147665
2017-10-16,JP,Banana,0.2640641599389647,4,1.0562566397558588
2017-12-23,BR,Orange,0.411872023743746,3,1.235616071231238
2017-10-07,US,Banana,0.2743110424470897,4,1.0972441697883588
2017-06-10,JP,Banana,0.2538946044918228,5,1.2694730224591138
2017-08-27,US,Banana,0.22404851714090107,4,0.8961940685636043
2017-07-30,GB,Grape,2.0842481163178643,1,2.0842481163178643
2017-12-30,US,Banana,0.31038117645061114,2,0.6207623529012223
2017-08-13,GB,Banana,0.2773141178481982,2,0.5546282356963964
2017-12-30,US,Banana,0.29263482951178627,3,0.8779044885353589
2017-09-19,US,Orange,0.4184520837712035,1,0.4184520837712035
2017-05-31,US,Banana,0.21920863238340713,4,0.8768345295336285
2017-04-09,BR,Grape,1.5719583671266293,1,1.5719583671266293
2017-08-10,GB,Grape,1.9573292215760403,1,1.9573292215760403
2017-05-08,BR,Grape,2.516919587899722,1,2.516919587899722
2017-10-18,CA,Banana,0.24136277924611976,8,1.930902233968958
2017-08-22,GB,Apple,1.1014735350214944,3,3.3044206050644833
2017-12-30,JP,Banana,0.26849575628430744,4,1.0739830251372298
2017-12-18,CA,Grape,2.015903223622163,1,2.015903223622163
2017-05-21,US,Apple,1.0589338420118655,2,2.117867684023731
2017-08-17,CA,Grape,1.9729601459779778,2,3.9459202919559555
2017-09-04,CA,Banana,0.23569580410606947,3,0.7070874123182084
2017-09-30,US,Apple,1.0555052642766334,3,3.1665157928299
2017-11-19,US,Orange,0.5156245822389194,5,2.5781229111945967
2017-09-11,US,Apple,0.884328832998065,3,2.6529864989941947
2017-08-24,JP,Orange,0.6279462538796924,2,1.2558925077593848
2017-07-05,BR,Grape,1.8799033392700897,1,1.8799033392700897
2017-12-15,CA,Banana,0.2399308586341641,3,0.7197925759024923
2017-02-23,US,Orange,0.4666816746636482,5,2.3334083733182407
2017-11-27,JP,Grape,1.6296268346620435,3,4.8888805039861305
2017-06-06,CA,Orange,0.5182348680902746,3,1.554704604270824
2017-10-29,JP,Orange,0.5066201386448699,1,0.5066201386448699
2017-08-05,JP,Banana,0.2770821938017039,3,0.8312465814051118
2017-12-27,BR,Grape,1.6177020072070103,2,3.2354040144140206
2017-05-07,CA,Orange,0.5359927737600643,6,3.2159566425603856
2017-06-06,JP,Orange,0.47711756938483924,1,0.47711756938483924
2017-12-11,CA,Grape,1.687876505405951,3,5.063629516217853
2017-10-06,CA,Grape,1.8150654599844551,2,3.6301309199689102
2017-07-21,JP,Grape,1.964783491721408,1,1.964783491721408
2017-01-10,BR,Apple,0.9043889302845305,2,1.808777860569061
2017-06-22,BR,Apple,1.1058144241052212,6,6.634886544631327
2017-05-19,GB,Apple,0.8592572357754902,1,0.8592572357754902
2017-06-12,US,Banana,0.2488859623026005,4,0.995543849210402
2017-12-12,JP,Banana,0.2733113865278261,6,1.6398683191669567
2017-12-07,CA,Grape,2.101934304392245,1,2.101934304392245
2017-11-02,CA,Banana,0.2673677430488271,1,0.2673677430488271
2017-09-07,JP,Banana,0.2161050195797357,2,0.4322100391594714
2017-11-29,US,Apple,1.0887640738756563,2,2.1775281477513126
2017-09-13,JP,Banana,0.23751311531108416,2,0.4750262306221683
2017-08-08,US,Orange,0.48169981103696013,3,1.4450994331108804
2017-07-10,CA,Apple,1.1006583865076613,3,3.301975159522984
2017-12-17,CA,Banana,0.22035729719200867,3,0.661071891576026
2017-08-15,CA,Grape,2.0340754902248146,2,4.068150980449629
2017-09-12,GB,Banana,0.2409592389376782,4,0.9638369557507128
2017-07-02,US,Orange,0.48314572441602005,3,1.4494371732480602
2017-12-10,GB,Apple,0.887089449454558,1,0.887089449454558
2017-08-14,JP,Grape,2.3163417825657033,1,2.3163417825657033
2017-07-17,CA,Grape,1.9331608345766516,1,1.9331608345766516
2017-11-06,CA,Orange,0.565989105810333,2,1.131978211620666
2017-06-07,GB,Apple,0.9271988366993066,4,3.7087953467972263
2017-05-05,BR,Grape,2.3605639249027046,1,2.3605639249027046
2017-12-01,CA,Banana,0.2445032719634545,5,1.2225163598172726
2017-11-12,GB,Apple,0.9179098732268295,4,3.671639492907318
2017-10-07,CA,Banana,0.17175115301052146,5,0.8587557650526073
2017-06-28,CA,Banana,0.2556674225677011,3,0.7670022677031032
2017-10-15,JP,Banana,0.23513943355329162,3,0.7054183006598749
2017-10-19,US,Apple,1.0469972779690344,3,3.140991833907103
2017-07-28,US,Apple,0.8847434655115459,2,1.7694869310230918
2017-04-04,US,Orange,0.5016147157259258,4,2.006458862903703
2017-12-09,GB,Apple,0.9632272212427854,2,1.9264544424855707
2017-09-04,JP,Orange,0.4366117297132519,3,1.3098351891397557
2017-11-16,US,Banana,0.25497615541949487,1,0.25497615541949487
2017-07-02,CA,Banana,0.2217260905011698,3,0.6651782715035094
2017-10-08,CA,Banana,0.26708661992886634,2,0.5341732398577327
2017-08-27,GB,Orange,0.49653950389031765,2,0.9930790077806353
2017-08-13,US,Apple,0.9295617100573307,2,1.8591234201146614
2017-05-09,CA,Orange,0.5150861989950014,3,1.5452585969850041
2017-06-28,US,Apple,0.8628274005561535,1,0.8628274005561535
2017-04-12,GB,Grape,2.3688210716765457,1,2.3688210716765457
2017-07-19,GB,Apple,1.21596036567706,3,3.6478810970311795
2017-11-11,CA,Apple,1.0008759710532167,4,4.003503884212867
2017-10-13,US,Banana,0.2375353917990102,1,0.2375353917990102
2017-10-26,CA,Grape,1.7768903749083877,3,5.330671124725163
2017-02-03,US,Orange,0.6189873255680198,4,2.4759493022720793
2017-10-28,BR,Grape,1.9186445297137844,2,3.837289059427569
2017-09-15,CA,Grape,2.0047592875811318,2,4.0095185751622635
2017-06-23,GB,Orange,0.4080032820729475,5,2.0400164103647374
2017-06-01,US,Apple,1.054302731718216,1,1.054302731718216
2017-06-05,CA,Grape,1.6677558989428594,1,1.6677558989428594
2017-12-02,BR,Apple,1.0977043011520091,1,1.0977043011520091
2017-12-28,US,Apple,0.9545672838379776,2,1.9091345676759552
2017-12-15,JP,Banana,0.2739946649751653,6,1.6439679898509918
2017-08-03,US,Orange,0.5282222267338421,5,2.6411111336692104
2017-11-19,BR,Apple,0.9651480039838832,2,1.9302960079677665
2017-09-26,CA,Banana,0.2404304545129985,3,0.7212913635389955
2017-11-26,CA,Orange,0.464624517237437,7,3.2523716206620588
2017-09-10,BR,Grape,2.013741951316845,2,4.02748390263369
2017-10-07,US,Banana,0.19918476398224544,3,0.5975542919467363
2017-11-21,BR,Grape,2.0943374259036447,2,4.188674851807289
2017-04-25,CA,Apple,0.8888193753119689,3,2.6664581259359066
2017-09-24,JP,Orange,0.4638765353536506,3,1.3916296060609517
2017-08-09,CA,Grape,1.845976085274455,2,3.69195217054891
2017-10-11,JP,Grape,2.2407566859656276,1,2.2407566859656276
2017-12-24,CA,Banana,0.28567949693879574,2,0.5713589938775915
2017-08-16,US,Banana,0.24637708164244068,1,0.24637708164244068
2017-08-16,CA,Grape,1.9856558468673362,2,3.9713116937346724
2017-11-21,US,Banana,0.2505542984892344,6,1.5033257909354063
2017-10-20,BR,Banana,0.24140262683442523,2,0.48280525366885046
2017-08-17,US,Banana,0.2688470359110277,2,0.5376940718220554
2017-10-30,US,Grape,1.991039354186431,1,1.991039354186431
2017-08-20,US,Banana,0.2720861903123246,4,1.0883447612492985
2017-05-14,GB,Apple,0.9348583950789615,2,1.869716790157923
2017-09-02,CA,Banana,0.22877086914940808,2,0.45754173829881617
2017-07-30,CA,Banana,0.272085794001003,2,0.544171588002006
2017-06-18,BR,Orange,0.4931366405253252,2,0.9862732810506504
2017-12-18,US,Orange,0.630754782302588,2,1.261509564605176
2017-10-30,GB,Apple,1.1481818278521312,3,3.444545483556394
2017-10-09,JP,Banana,0.24250385330031554,3,0.7275115599009466
2017-11-12,CA,Grape,1.9212284748979496,1,1.9212284748979496
2017-09-25,CA,Grape,1.9920037629346161,1,1.9920037629346161
2017-11-02,US,Orange,0.48299500638213383,3,1.4489850191464015
2017-12-18,GB,Orange,0.5306581772157921,3,1.5919745316473763
2017-12-05,CA,Grape,1.5600898811683739,3,4.680269643505122
2017-05-29,US,Orange,0.4281722205624412,2,0.8563444411248824
2017-07-05,US,Orange,0.5804765009512387,3,1.7414295028537161
2017-04-07,US,Orange,0.5169444181856608,3,1.5508332545569825
2017-12-27,GB,Orange,0.4371822119517647,4,1.7487288478070588
2017-06-25,US,Orange,0.46352979153837864,2,0.9270595830767573
2017-10-24,CA,Orange,0.5129895606866518,3,1.5389686820599553
2017-04-19,US,Apple,0.893528010048429,3,2.680584030145287
2017-06-15,US,Banana,0.2536857266704703,2,0.5073714533409406
2017-09-15,GB,Grape,1.9302096609272386,1,1.9302096609272386
2017-04-27,US,Grape,1.8865323174231097,2,3.7730646348462193
2017-08-15,US,Apple,1.0778221889569324,1,1.0778221889569324
2017-09-24,US,Banana,0.2758046638724809,2,0.5516093277449619
2017-07-31,BR,Apple,0.8389191512769094,3,2.5167574538307282
2017-09-29,CA,Orange,0.5193647522395102,4,2.0774590089580407
2017-09-24,GB,Orange,0.5387657915145838,4,2.1550631660583353
2017-08-16,US,Orange,0.5016118564176515,3,1.5048355692529545
2017-11-01,GB,Grape,2.1176431655773484,1,2.1176431655773484
2017-10-28,GB,Banana,0.23024184762859132,4,0.9209673905143653
2017-10-30,BR,Orange,0.5185790067272267,3,1.55573702018168
2017-09-30,US,Banana,0.2704028775580318,5,1.352014387790159
2017-08-06,CA,Banana,0.2410939563745567,4,0.9643758254982268
2017-10-13,CA,Orange,0.48576775983033305,2,0.9715355196606661
2017-12-19,US,Orange,0.44517161261336347,4,1.7806864504534539
2017-10-09,GB,Grape,2.0089180731905696,1,2.0089180731905696
2017-12-28,JP,Orange,0.504725828288531,2,1.009451656577062
2017-08-30,US,Grape,2.260390434701443,1,2.260390434701443
2017-11-11,CA,Grape,2.112710269983744,1,2.112710269983744
2017-03-12,US,Grape,1.6549270556495013,1,1.6549270556495013
2017-11-16,US,Orange,0.527400421173193,4,2.109601684692772
2017-09-19,US,Banana,0.2111778104858883,3,0.6335334314576648
2017-01-27,GB,Banana,0.23179399632487502,6,1.3907639779492502
2017-07-10,BR,Grape,1.8611278676358833,3,5.5833836029076505
2017-09-23,GB,Orange,0.5629690731777016,3,1.688907219533105
2017-11-17,US,Banana,0.2517371138520005,3,0.7552113415560014
2017-03-24,JP,Apple,0.927329749540675,2,1.85465949908135
2017-09-27,GB,Banana,0.25648120263419877,5,1.2824060131709938
2017-11-23,US,Banana,0.24255147078648467,3,0.727654412359454
2017-10-21,BR,Grape,1.8012275243211058,2,3.6024550486422116
2017-12-19,BR,Orange,0.5350409343231063,4,2.140163737292425
2017-04-09,US,Banana,0.24191936503736397,3,0.7257580951120919
2017-07-10,US,Orange,0.47514206862419844,5,2.3757103431209923
2017-12-16,CA,Grape,1.742194334305795,1,1.742194334305795
2017-11-16,JP,Grape,2.1208139275733595,1,2.1208139275733595
2017-10-09,US,Apple,0.9198652397061131,4,3.6794609588244525
2017-11-30,CA,Grape,1.9941901447886246,1,1.9941901447886246
2017-12-12,US,Banana,0.26489217229786927,3,0.7946765168936079
2017-12-26,US,Grape,1.940971576352557,1,1.940971576352557
2017-12-31,JP,Apple,1.1291983132246122,1,1.1291983132246122
2017-05-16,US,Orange,0.5288418420687956,3,1.5865255262063869
2017-04-06,US,Orange,0.534545303219218,4,2.138181212876872
2017-04-08,CA,Apple,0.989463935097767,1,0.989463935097767
2017-02-13,US,Apple,1.0296353369570288,2,2.0592706739140576
2017-12-26,US,Banana,0.2520430443172381,4,1.0081721772689525
2017-04-22,US,Apple,1.0051673736554394,3,3.0155021209663184
2017-12-01,US,Banana,0.2624822396149351,4,1.0499289584597404
2017-10-29,GB,Apple,1.049362569994419,2,2.098725139988838
2017-09-11,JP,Apple,0.9913129757581977,2,1.9826259515163953
2017-08-03,US,Apple,1.0186051580029503,3,3.055815474008851
2017-08-05,GB,Apple,0.9057937103315225,3,2.7173811309945672
2017-07-02,CA,Apple,0.9856868183298841,2,1.9713736366597683
2017-12-15,US,Grape,1.931121490489152,2,3.862242980978304
2017-11-08,JP,Apple,1.0831302578246937,4,4.332521031298775
2017-02-28,CA,Apple,1.1334526944443777,2,2.2669053888887554
2017-09-04,US,Orange,0.4473157949247177,5,2.2365789746235882
2017-07-12,US,Orange,0.5113271679675181,2,1.0226543359350362
2017-03-03,CA,Apple,1.0509515229696444,5,5.254757614848222
2017-12-10,GB,Banana,0.24232269011744972,5,1.2116134505872487
2017-11-17,GB,Apple,0.9893237598979809,6,5.935942559387886
2017-07-28,JP,Apple,0.9708523760760145,2,1.941704752152029
2017-11-22,US,Banana,0.1985708388107738,5,0.9928541940538691
2017-07-27,BR,Grape,2.1046481743665635,1,2.1046481743665635
2017-07-21,US,Orange,0.5153132635396986,4,2.0612530541587946
2017-12-18,US,Orange,0.5145526968250851,4,2.0582107873003403
2017-12-27,US,Orange,0.41084695557001205,4,1.6433878222800482
2017-09-21,JP,Banana,0.1895394900905956,2,0.3790789801811912
2017-12-23,GB,Apple,1.115799638451768,5,5.57899819225884
2017-12-10,CA,Banana,0.258622359873484,6,1.5517341592409037
2017-09-19,US,Orange,0.5290990114273653,2,1.0581980228547305
2017-08-11,US,Banana,0.24047143312540278,3,0.7214142993762084
2017-11-04,CA,Apple,0.9476143074819688,4,3.7904572299278754
2017-09-03,CA,Banana,0.1932449145571467,1,0.1932449145571467
2017-10-11,GB,Orange,0.504380726164205,2,1.00876145232841
2017-12-30,JP,Banana,0.24152339415313082,4,0.9660935766125233
2017-11-18,CA,Apple,1.1297250535531924,2,2.259450107106385
2017-07-30,US,Banana,0.2743016000344649,3,0.8229048001033947
2017-04-18,US,Banana,0.24893901176890007,3,0.7468170353067002
2017-06-05,GB,Grape,1.9707611672363912,1,1.9707611672363912
2017-09-21,JP,Apple,0.9712427709269912,3,2.9137283127809734
2017-08-23,BR,Grape,2.199291071228613,2,4.398582142457226
2017-11-23,JP,Banana,0.24797547914799667,2,0.49595095829599334
2017-12-19,US,Banana,0.2487924350617094,2,0.4975848701234188
2017-06-02,GB,Banana,0.19516454330390248,3,0.5854936299117075
2017-12-05,CA,Orange,0.5566752439656244,4,2.2267009758624976
2017-12-24,CA,Orange,0.467224666579098,3,1.401673999737294
2017-12-24,GB,Apple,0.9565663666577603,2,1.9131327333155206
2017-03-12,US,Banana,0.26780611060967563,3,0.8034183318290269
2017-03-28,CA,Orange,0.5277196347056599,4,2.1108785388226394
2017-01-28,US,Apple,0.8861549405343174,3,2.6584648216029523
2017-07-22,JP,Banana,0.22079707354811115,9,1.9871736619330003
2017-03-26,JP,Grape,2.043379819134963,1,2.043379819134963
2017-07-16,CA,Orange,0.461871535903158,2,0.923743071806316
2017-08-05,GB,Grape,2.2639938265761064,1,2.2639938265761064
2017-12-23,CA,Grape,2.3101716895119755,1,2.3101716895119755
2017-09-08,GB,Apple,1.0601374799722048,2,2.1202749599444095
2017-07-10,JP,Grape,2.2442542921360635,1,2.2442542921360635
2017-09-15,JP,Apple,0.927322849158802,3,2.781968547476406
2017-10-20,US,Banana,0.20486980602456412,7,1.4340886421719488
2017-05-01,US,Apple,0.8283408803261689,2,1.6566817606523379
2017-11-15,US,Banana,0.2762439580891683,4,1.1049758323566732
2017-12-03,GB,Apple,0.9126225074728618,5,4.563112537364309
2017-12-02,CA,Banana,0.24719628988805517,4,0.9887851595522207
2017-12-11,US,Orange,0.5411040601055748,4,2.164416240422299
2017-08-13,CA,Banana,0.2233890656079719,4,0.8935562624318876
2017-08-31,US,Apple,0.924716281545807,2,1.849432563091614
2017-04-25,GB,Grape,1.7675332025431798,1,1.7675332025431798
2017-06-21,GB,Apple,0.8280056132421023,1,0.8280056132421023
2017-12-26,US,Banana,0.297646302687626,2,0.595292605375252
2017-07-13,GB,Apple,0.9961211201053327,3,2.988363360315998
2017-12-14,US,Orange,0.38876284782998355,3,1.1662885434899506
2017-12-11,US,Banana,0.21397128947889946,4,0.8558851579155978
2017-12-17,CA,Apple,1.163435848566458,1,1.163435848566458
2017-05-24,CA,Apple,0.805018931078429,4,3.220075724313716
2017-12-09,US,Banana,0.24563199474438227,5,1.2281599737219113
2017-10-17,US,Banana,0.2613217388667731,4,1.0452869554670925
2017-06-15,US,Banana,0.2943259218218131,2,0.5886518436436262
2017-08-02,JP,Banana,0.2600543067896485,5,1.3002715339482427
2017-05-25,US,Orange,0.5138753522951129,2,1.0277507045902259
2017-08-31,CA,Banana,0.25937395223098925,2,0.5187479044619785
2017-04-15,CA,Grape,2.0111261571231243,1,2.0111261571231243
2017-05-28,US,Orange,0.5253315338391101,4,2.1013261353564405
2017-06-10,GB,Apple,1.0268390156556095,5,5.134195078278047
2017-10-31,BR,Grape,2.140689647415575,1,2.140689647415575
2017-10-03,CA,Banana,0.26909786819255505,2,0.5381957363851101
2017-12-08,CA,Banana,0.2780393515853086,2,0.5560787031706173
2017-06-28,GB,Orange,0.4705871501548237,2,0.9411743003096474
2017-10-17,CA,Banana,0.24209826546708854,4,0.9683930618683542
2017-03-08,CA,Banana,0.2772285566554621,4,1.1089142266218484
2017-09-19,US,Orange,0.541360403720044,2,1.082720807440088
2017-12-05,US,Grape,2.3862797467064842,1,2.3862797467064842
2017-12-28,GB,Apple,1.0681236964779073,2,2.1362473929558146
2017-02-05,US,Banana,0.2755257190418143,3,0.8265771571254428
2017-07-01,GB,Apple,0.9732423282559755,2,1.946484656511951
2017-06-21,US,Orange,0.5480849927384464,5,2.7404249636922318
2017-03-20,JP,Apple,1.0078918982264056,3,3.0236756946792167
2017-02-06,US,Orange,0.5081294923222569,2,1.0162589846445138
2017-09-12,US,Apple,1.1701796671574662,3,3.5105390014723987
2017-03-18,GB,Apple,1.0594976162736875,3,3.1784928488210626
2017-07-10,CA,Banana,0.25844809983274475,2,0.5168961996654895
2017-10-19,US,Banana,0.24234840010032907,3,0.7270452003009872
2017-07-16,US,Banana,0.21670020451556088,6,1.3002012270933654
2017-07-07,CA,Banana,0.2434236169919556,2,0.4868472339839112
2017-10-07,JP,Apple,0.8980279951595704,1,0.8980279951595704
2017-08-13,CA,Orange,0.5165649072493802,2,1.0331298144987604
2017-11-02,JP,Orange,0.47160654388883794,6,2.8296392633330276
2017-09-13,US,Apple,0.9989558741721339,3,2.996867622516402
2017-10-18,CA,Orange,0.5226718040590663,6,3.136030824354398
2017-08-05,BR,Grape,2.1396507201113146,1,2.1396507201113146
2017-07-14,US,Grape,2.337830534498825,1,2.337830534498825
2017-05-12,US,Banana,0.25466737285372687,3,0.7640021185611806
2017-12-20,CA,Orange,0.572233803398483,1,0.572233803398483
2017-11-24,US,Orange,0.4977265865606476,4,1.9909063462425904
2017-12-20,CA,Apple,1.0361572501088299,1,1.0361572501088299
2017-06-05,US,Grape,1.6333639023828825,4,6.53345560953153
2017-12-19,US,Orange,0.4220140796496047,2,0.8440281592992094
2017-12-20,CA,Banana,0.2490022612570837,8,1.9920180900566695
2017-07-13,BR,Grape,1.9256057993334164,1,1.9256057993334164
2017-07-09,BR,Banana,0.23526247090283714,3,0.7057874127085114
2017-09-28,BR,Apple,0.8920013210190434,9,8.02801188917139
2017-06-05,US,Orange,0.5474830022762911,4,2.1899320091051644
2017-08-30,US,Grape,1.7572990261611714,1,1.7572990261611714
2017-06-05,US,Orange,0.6035673940825397,4,2.4142695763301587
2017-12-22,CA,Orange,0.4381932418516301,4,1.7527729674065204
2017-09-13,JP,Banana,0.25733323668060865,4,1.0293329467224346
2017-12-25,CA,Grape,2.060560430149834,2,4.121120860299668
2017-10-20,JP,Banana,0.21426357332664267,3,0.642790719979928
2017-09-10,US,Orange,0.6028365627130674,1,0.6028365627130674
2017-12-26,JP,Apple,0.9305217823321487,3,2.791565346996446
2017-05-18,US,Grape,1.9677325454128451,2,3.9354650908256903
2017-10-17,US,Banana,0.19030478095678505,2,0.3806095619135701
2017-10-24,GB,Orange,0.459835058850436,5,2.29917529425218
2017-08-28,CA,Grape,2.1147293371399063,2,4.229458674279813
2017-03-29,BR,Banana,0.2358604384865448,3,0.7075813154596344
2017-09-12,US,Apple,0.8680120730096232,2,1.7360241460192465
2017-09-05,US,Banana,0.20452603214099938,2,0.40905206428199875
2017-11-25,US,Orange,0.3906592045946624,4,1.5626368183786497
2017-07-03,GB,Apple,1.0294159783991361,2,2.0588319567982722
2017-08-16,US,Orange,0.5489059378658293,3,1.6467178135974878
2017-06-27,GB,Banana,0.2528387684916335,3,0.7585163054749005
2017-10-30,US,Apple,0.9149345679179335,2,1.829869135835867
2017-12-30,BR,Apple,1.0668144110717053,2,2.1336288221434105
2017-06-02,JP,Apple,1.0581407179805713,1,1.0581407179805713
2017-11-27,JP,Grape,2.118189146225556,2,4.236378292451112
2017-06-23,US,Orange,0.46889798641255775,3,1.4066939592376733
2017-03-28,CA,Apple,1.1015553043263724,3,3.304665912979117
2017-05-15,US,Banana,0.28954580450650363,3,0.868637413519511
2017-12-19,JP,Grape,2.234643375476355,3,6.703930126429065
2017-12-11,US,Banana,0.28610138874132124,2,0.5722027774826425
2017-07-14,US,Banana,0.2247289282376622,3,0.6741867847129865
2017-12-22,GB,Orange,0.5105301647660632,3,1.5315904942981895
2017-12-03,GB,Apple,1.0515859543168342,2,2.1031719086336684
2017-08-28,US,Orange,0.5080133880157656,2,1.0160267760315311
2017-09-06,US,Apple,1.0352943698587067,3,3.10588310957612
2017-10-17,US,Grape,2.107330636949125,2,4.21466127389825
2017-05-25,US,Orange,0.46141745128857536,4,1.8456698051543015
2017-02-13,BR,Apple,0.8321794142356796,2,1.6643588284713593
2017-07-06,US,Orange,0.4563953389161039,4,1.8255813556644156
2017-02-14,CA,Banana,0.26661175598293135,5,1.3330587799146567
2017-10-27,US,Orange,0.5320977744466635,2,1.064195548893327
2017-09-28,US,Banana,0.2884923265528966,3,0.8654769796586897
2017-07-25,US,Orange,0.5092408844660179,3,1.5277226533980537
2017-11-19,US,Banana,0.21102308765462505,10,2.1102308765462503
2017-05-19,GB,Apple,1.0093981799047076,4,4.03759271961883
2017-06-28,JP,Banana,0.27934180219746496,6,1.6760508131847898
2017-07-15,CA,Orange,0.6189831807349913,1,0.6189831807349913
2017-06-10,GB,Grape,1.9462881503487337,2,3.8925763006974674
2017-04-17,GB,Apple,1.1277382291569304,2,2.255476458313861
2017-12-07,JP,Grape,1.9199989226973528,1,1.9199989226973528
2017-04-18,JP,Orange,0.5259209060236785,4,2.103683624094714
2017-10-29,US,Apple,0.8074314993248399,1,0.8074314993248399
2017-05-06,US,Banana,0.2605519751976093,1,0.2605519751976093
2017-02-06,US,Grape,1.752837003403367,1,1.752837003403367
2017-09-29,CA,Banana,0.2677535654438744,5,1.338767827219372
2017-12-14,US,Orange,0.4453166324305424,2,0.8906332648610849
2017-12-05,GB,Grape,2.0150827393664863,1,2.0150827393664863
2017-07-31,US,Orange,0.4626363600833794,3,1.3879090802501381
2017-03-01,JP,Grape,1.6837998862845427,1,1.6837998862845427
2017-11-23,GB,Grape,2.113957326316159,2,4.227914652632318
2017-11-24,CA,Banana,0.25734054040229415,6,1.544043242413765
2017-12-07,US,Apple,1.1693065674378287,2,2.3386131348756574
2017-10-26,GB,Grape,1.8868931878177415,2,3.773786375635483
2017-11-25,US,Orange,0.5779991900963114,4,2.3119967603852456
2017-12-12,US,Orange,0.48446328953218243,4,1.9378531581287297
2017-09-02,US,Orange,0.5337666536966945,6,3.202599922180167
2017-09-29,US,Apple,0.9413685440978494,3,2.8241056322935485
2017-09-16,US,Apple,0.9692749368269606,2,1.9385498736539213
2017-10-31,CA,Apple,0.9817219836816229,3,2.945165951044869
2017-10-29,JP,Apple,0.9919571383433599,3,2.9758714150300793
2017-09-20,BR,Orange,0.500104767024195,5,2.5005238351209753
2017-11-29,GB,Grape,2.2036941704509796,1,2.2036941704509796
2017-09-16,CA,Apple,1.0886629845931162,4,4.354651938372465
2017-11-28,US,Apple,0.9202093616898617,4,3.6808374467594467
2017-07-12,US,Banana,0.24972943458913602,2,0.49945886917827204
2017-06-02,US,Banana,0.22144965168090114,5,1.1072482584045056
2017-12-26,CA,Apple,1.0109348750275413,2,2.0218697500550826
2017-11-11,CA,Orange,0.5167798075680525,1,0.5167798075680525
2017-07-04,US,Apple,1.1332659707360353,3,3.399797912208106
2017-10-05,GB,Apple,1.0687587694331384,1,1.0687587694331384
2017-12-23,CA,Grape,1.809329437039396,2,3.618658874078792
2017-04-13,US,Orange,0.5613639921456524,4,2.2454559685826094
2017-04-15,JP,Apple,0.8788010071791772,5,4.394005035895886
2017-10-14,CA,Orange,0.496420374126231,2,0.992840748252462
2017-06-21,CA,Orange,0.5024204898493394,4,2.0096819593973576
2017-11-16,CA,Orange,0.4518499288328526,2,0.9036998576657052
2017-10-02,BR,Apple,1.0025893325188022,2,2.0051786650376044
2017-10-25,CA,Apple,0.865892476550008,1,0.865892476550008
2017-04-29,JP,Grape,2.217275689403027,1,2.217275689403027
2017-04-15,GB,Grape,1.9113966390811634,1,1.9113966390811634
2017-10-16,CA,Orange,0.5070410866579652,4,2.028164346631861
2017-08-21,BR,Grape,1.98682313004707,3,5.96046939014121
2017-04-17,CA,Orange,0.555353695574469,3,1.6660610867234071
2017-08-10,US,Banana,0.23400538586006484,3,0.7020161575801945
2017-10-26,CA,Banana,0.2671759514149953,2,0.5343519028299906
2017-06-07,GB,Orange,0.5583876833161094,4,2.2335507332644378
2017-12-12,US,Grape,1.8538829884377597,1,1.8538829884377597
2017-12-22,CA,Grape,1.9596692232678594,1,1.9596692232678594
2017-12-24,US,Grape,2.226696833458322,1,2.226696833458322
2017-11-09,GB,Apple,1.0132800173352028,3,3.0398400520056086
2017-08-20,BR,Orange,0.5358906684202667,4,2.1435626736810667
2017-11-11,GB,Grape,1.9869852969572253,2,3.9739705939144505
2017-07-14,US,Banana,0.23443856346936973,3,0.7033156904081092
2017-07-23,GB,Orange,0.5249185489397215,4,2.099674195758886
2017-10-11,JP,Banana,0.23182678370462126,6,1.3909607022277275
2017-10-08,JP,Grape,1.7750406607068532,1,1.7750406607068532
2017-12-09,JP,Banana,0.23563551145678546,5,1.1781775572839273
2017-07-02,US,Orange,0.5176427805094892,4,2.070571122037957
2017-11-16,US,Banana,0.2595151099007001,5,1.2975755495035004
2017-12-21,BR,Orange,0.44748878410850623,2,0.8949775682170125
2017-01-12,US,Orange,0.41481074750366614,2,0.8296214950073323
2017-09-08,GB,Apple,1.0455910475780275,2,2.091182095156055
2017-10-23,JP,Grape,2.3252905051864987,1,2.3252905051864987
2017-12-02,US,Banana,0.25011749839903785,3,0.7503524951971136
2017-06-04,CA,Orange,0.5660462367137523,3,1.698138710141257
2017-12-04,GB,Banana,0.25146078241413117,3,0.7543823472423935
2017-08-08,US,Banana,0.28945237824198145,7,2.02616664769387
2017-12-11,JP,Banana,0.2176518738229721,5,1.0882593691148605
2017-03-02,US,Orange,0.5139634179542057,2,1.0279268359084115
2017-04-16,CA,Apple,0.8596427513133275,3,2.5789282539399823
2017-12-28,CA,Grape,2.041690278458567,1,2.041690278458567
2017-10-12,CA,Banana,0.22204086276700494,4,0.8881634510680197
2017-08-23,CA,Orange,0.5087675422433922,2,1.0175350844867843
2017-05-29,US,Orange,0.5285891575007698,3,1.5857674725023094
2017-10-22,US,Banana,0.23304899234970453,3,0.6991469770491135
2017-03-11,CA,Grape,1.96160747726839,2,3.92321495453678
2017-07-22,GB,Apple,0.9369683282057251,2,1.8739366564114501
2017-07-26,CA,Orange,0.4583904663076024,7,3.2087332641532167
2017-10-11,JP,Banana,0.24240936869796068,4,0.9696374747918427
2017-10-22,US,Grape,1.9012255099819715,2,3.802451019963943
2017-12-02,BR,Orange,0.42238915928962156,4,1.6895566371584863
2017-12-18,GB,Orange,0.43910806643921474,4,1.756432265756859
2017-10-24,BR,Orange,0.5647978268100075,5,2.8239891340500374
2017-10-04,CA,Apple,0.9447129752115034,2,1.8894259504230069
2017-08-18,JP,Orange,0.43744953692656746,3,1.3123486107797024
2017-12-25,GB,Banana,0.2545098323751187,4,1.0180393295004748
2017-05-23,CA,Banana,0.2506526913454327,2,0.5013053826908654
2017-12-12,US,Apple,0.8873567258587969,3,2.662070177576391
2017-07-22,US,Banana,0.21467860692176485,4,0.8587144276870594
2017-09-27,GB,Apple,0.8963129938733139,2,1.7926259877466277
2017-10-29,US,Banana,0.2765884036816589,4,1.1063536147266355
2017-06-25,US,Orange,0.5580776048476688,3,1.6742328145430063
2017-05-29,US,Banana,0.2592083345723882,6,1.5552500074343292
2017-09-17,US,Apple,1.0302011488434173,1,1.0302011488434173
2017-11-21,JP,Banana,0.29326228817514893,4,1.1730491527005957
2017-10-31,US,Apple,0.9998281969170438,3,2.9994845907511314
2017-05-05,US,Apple,1.0194694139119977,3,3.058408241735993
2017-12-13,CA,Orange,0.4390386817646323,1,0.4390386817646323
2017-09-09,BR,Apple,0.9537658380984666,3,2.8612975142953996
2017-12-22,US,Orange,0.5718088338861838,1,0.5718088338861838
2017-09-28,US,Orange,0.5242840795494661,3,1.5728522386483983
2017-04-16,BR,Apple,0.9988923795399655,1,0.9988923795399655
2017-06-12,CA,Banana,0.24381962613733654,2,0.4876392522746731
2017-12-04,US,Orange,0.5207453264189802,3,1.5622359792569407
2017-11-03,GB,Orange,0.4403893548665645,3,1.3211680645996935
2017-12-12,CA,Banana,0.21708300739210207,5,1.0854150369605104
2017-07-28,GB,Grape,2.3504624912932925,1,2.3504624912932925
2017-09-22,JP,Banana,0.22414926847799255,1,0.22414926847799255
2017-10-22,CA,Orange,0.5305057395638975,2,1.061011479127795
2017-10-08,BR,Grape,1.9751110626160273,1,1.9751110626160273
2017-06-24,GB,Orange,0.5433819501364814,4,2.1735278005459255
2017-08-26,BR,Apple,1.0078250916965912,1,1.0078250916965912
2017-06-30,GB,Grape,1.876882954993102,2,3.753765909986204
2017-12-02,CA,Apple,1.033369268626646,2,2.066738537253292
2017-12-29,CA,Orange,0.40290074231658485,4,1.6116029692663394
2017-04-03,JP,Grape,1.6632116917886623,2,3.3264233835773247
2017-11-05,GB,Grape,1.4331198714849585,1,1.4331198714849585
2017-07-28,GB,Apple,1.0771000812841443,5,5.3855004064207215
2017-10-16,JP,Apple,1.0127596687779503,3,3.038279006333851
2017-07-03,CA,Orange,0.5238299362041682,4,2.0953197448166727
2017-10-22,BR,Grape,1.9331364225022765,1,1.9331364225022765
2017-08-10,BR,Banana,0.24148964325202874,2,0.48297928650405747
2017-07-16,US,Grape,2.037834103772234,1,2.037834103772234
2017-12-15,US,Orange,0.48261329739611636,2,0.9652265947922327
2017-12-21,CA,Orange,0.5569706078073837,4,2.227882431229535
2017-10-13,CA,Apple,1.0805087997302039,2,2.1610175994604077
2017-06-17,CA,Orange,0.44555648623046673,2,0.8911129724609335
2017-12-20,JP,Banana,0.23904762095752655,4,0.9561904838301062
2017-11-13,US,Apple,1.0594117463245942,2,2.1188234926491885
2017-11-13,US,Orange,0.44913442885905297,2,0.8982688577181059
2017-06-16,GB,Apple,0.9624418733068547,2,1.9248837466137094
2017-11-29,US,Orange,0.5314706045185029,2,1.0629412090370058
2017-06-27,CA,Apple,1.0880211018969406,3,3.2640633056908217
2017-10-17,CA,Apple,1.1049341755444828,3,3.314802526633448
2017-11-04,US,Banana,0.2794052015352463,5,1.3970260076762315
2017-11-11,GB,Grape,1.7099986858599325,1,1.7099986858599325
2017-08-16,BR,Banana,0.2715158137578392,5,1.357579068789196
2017-11-15,US,Orange,0.4806722890130754,2,0.9613445780261508
2017-12-13,US,Grape,1.9840965486673736,1,1.9840965486673736
2017-10-07,JP,Grape,2.049395583872318,1,2.049395583872318
2017-04-19,GB,Apple,1.054875219401604,4,4.219500877606416
2017-05-10,US,Orange,0.486387617627628,2,0.972775235255256
2017-04-27,JP,Grape,2.1122954262241986,2,4.224590852448397
2017-05-31,GB,Apple,0.9087102763214219,3,2.7261308289642656
2017-05-09,BR,Grape,1.9406541859215978,2,3.8813083718431955
2017-11-19,GB,Grape,2.004801714794862,1,2.004801714794862
2017-03-13,US,Orange,0.5379036594959288,4,2.151614637983715
2017-06-27,US,Orange,0.35732609849931596,4,1.4293043939972638
2017-12-09,GB,Apple,0.7673469060912554,3,2.3020407182737666
2017-12-27,JP,Grape,2.286562029192763,1,2.286562029192763
2017-10-11,US,Apple,1.2262875395459054,2,2.452575079091811
2017-12-27,GB,Orange,0.46641046944819,5,2.33205234724095
2017-03-17,JP,Grape,2.215035900089149,1,2.215035900089149
2017-12-22,CA,Banana,0.23798460508019065,3,0.713953815240572
2017-07-22,US,Banana,0.2596321534503943,1,0.2596321534503943
2017-11-23,US,Grape,2.0767648685728215,1,2.0767648685728215
2017-11-25,CA,Grape,2.1012920992098576,1,2.1012920992098576
2017-12-05,BR,Grape,2.031751738730322,1,2.031751738730322
2017-09-04,JP,Apple,1.1526626312053527,2,2.3053252624107055
2017-12-18,JP,Orange,0.42459615530618855,3,1.2737884659185656
2017-07-03,CA,Orange,0.48625951866026995,4,1.9450380746410798
2017-12-19,JP,Apple,1.0915127120483044,1,1.0915127120483044
2017-10-14,US,Banana,0.2524761654508537,3,0.7574284963525612
2017-12-29,US,Banana,0.25370015759290737,4,1.0148006303716295
2017-03-07,CA,Banana,0.20464228307069068,6,1.2278536984241442
2017-11-07,JP,Orange,0.5406451060875636,6,3.243870636525381
2017-10-01,CA,Apple,0.886454885203914,1,0.886454885203914
2017-09-12,US,Grape,1.790094798036253,2,3.580189596072506
2017-07-04,BR,Grape,2.068287340670943,2,4.136574681341886
2017-07-27,BR,Apple,0.9094899830964915,2,1.818979966192983
2017-06-30,US,Banana,0.25115717973562374,3,0.7534715392068712
2017-06-19,US,Orange,0.5343800371797317,3,1.603140111539195
2017-11-23,US,Orange,0.5354217035424943,1,0.5354217035424943
2017-09-15,CA,Banana,0.2452265988023958,2,0.4904531976047916
2017-04-15,JP,Apple,1.0038603109274038,2,2.0077206218548076
2017-11-18,CA,Apple,0.9162110764041442,5,4.581055382020721
2017-09-23,US,Grape,2.1922773705074037,1,2.1922773705074037
2017-11-10,GB,Banana,0.22849158123960744,2,0.4569831624792149
2017-09-18,US,Banana,0.22828326965231688,2,0.45656653930463376
2017-08-18,BR,Orange,0.5017500268891937,3,1.505250080667581
2017-12-29,JP,Banana,0.25641410819987465,6,1.5384846491992479
2017-03-02,GB,Apple,1.086863578809649,3,3.260590736428947
2017-12-19,GB,Banana,0.3078043644474257,1,0.3078043644474257
2017-12-19,US,Orange,0.49813258798625054,2,0.9962651759725011
2017-08-16,US,Apple,0.9401785206223612,3,2.8205355618670835
2017-06-17,US,Grape,2.3968148265300178,1,2.3968148265300178
2017-10-14,JP,Orange,0.5227575842878147,3,1.5682727528634441
2017-06-02,CA,Orange,0.4663712397690262,4,1.865484959076105
2017-11-24,US,Orange,0.502582504065585,4,2.01033001626234
2017-07-02,US,Banana,0.28115552567473867,1,0.28115552567473867
2017-07-15,US,Banana,0.29609470671438975,6,1.7765682402863385
2017-12-16,US,Banana,0.28003937539048024,3,0.8401181261714408
2017-12-13,GB,Apple,1.0159599165676256,3,3.0478797497028767
2017-09-24,US,Grape,2.4308475210521303,1,2.4308475210521303
2017-12-05,CA,Banana,0.22264014571926233,3,0.6679204371577869
2017-08-04,US,Banana,0.24113057754346934,5,1.2056528877173467
2017-12-31,US,Banana,0.2365183497018185,8,1.892146797614548
2017-08-28,CA,Banana,0.2582313659222545,3,0.7746940977667635
2017-07-16,BR,Apple,0.9650011694358408,2,1.9300023388716816
2017-03-15,JP,Orange,0.46227018794729763,3,1.3868105638418928
2017-12-30,US,Banana,0.22879604552746877,5,1.1439802276373439
2017-09-05,US,Banana,0.2657865807941427,4,1.0631463231765708
2017-11-10,US,Banana,0.23075481941686182,3,0.6922644582505855
2017-10-19,JP,Banana,0.24179251276184138,4,0.9671700510473655
2017-11-07,US,Banana,0.22488953684928892,4,0.8995581473971557
2017-03-23,JP,Apple,1.0745469990155088,2,2.1490939980310175
2017-12-17,US,Banana,0.24141886851506653,5,1.2070943425753327
2017-12-18,US,Orange,0.4351705923791852,4,1.7406823695167408
2017-09-28,CA,Grape,2.24211039600029,1,2.24211039600029
2017-12-25,CA,Orange,0.4976336236885338,3,1.4929008710656015
2017-07-11,US,Orange,0.4913577829989994,3,1.4740733489969982
2017-10-10,US,Grape,2.005788565784464,1,2.005788565784464
2017-08-17,BR,Grape,2.093929026075246,1,2.093929026075246
2017-10-16,US,Banana,0.2299702866958231,3,0.6899108600874693
2017-07-18,US,Orange,0.5627392135142835,2,1.125478427028567
2017-11-27,CA,Grape,1.7084637645375902,2,3.4169275290751804
2017-04-05,BR,Grape,1.960156363907921,1,1.960156363907921
2017-03-15,US,Banana,0.23922348529411494,7,1.6745643970588047
2017-03-21,GB,Grape,2.207217173443477,2,4.414434346886954
2017-05-21,CA,Grape,2.0797860983707612,1,2.0797860983707612
2017-08-17,US,Apple,0.9540365615703256,1,0.9540365615703256
2017-12-23,US,Orange,0.5021752494197419,3,1.5065257482592256
2017-05-01,JP,Banana,0.2438426400935925,7,1.7068984806551475
2017-10-21,US,Orange,0.5071052336156191,3,1.5213157008468574
2017-09-22,US,Orange,0.49993595909586847,4,1.9997438363834739
2017-08-05,CA,Apple,1.039343695950354,2,2.078687391900708
2017-06-10,US,Grape,1.8332668837760489,3,5.4998006513281466
2017-06-19,US,Grape,2.1247666197652424,2,4.249533239530485
2017-03-17,CA,Grape,1.9079979006588934,1,1.9079979006588934
2017-11-05,US,Orange,0.5020360626814511,5,2.5101803134072553
2017-10-22,US,Banana,0.23672247559863913,3,0.7101674267959174
2017-08-31,BR,Grape,2.282623547917061,1,2.282623547917061
2017-11-06,US,Orange,0.6053361343325664,5,3.026680671662832
2017-04-30,CA,Grape,2.172822816990049,1,2.172822816990049
2017-12-20,JP,Apple,0.9550471592983762,3,2.8651414778951287
2017-12-02,JP,Banana,0.24095547444429505,2,0.4819109488885901
2017-10-24,US,Orange,0.5011295600111697,3,1.5033886800335092
2017-08-12,US,Orange,0.48629824529427534,5,2.4314912264713766
2017-08-23,US,Banana,0.21755310961320506,4,0.8702124384528203
2017-09-10,BR,Banana,0.24463539546827176,8,1.957083163746174
2017-12-19,JP,Banana,0.2397272029048805,1,0.2397272029048805
2017-12-06,CA,Grape,2.2069666732207533,2,4.413933346441507
2017-09-09,US,Orange,0.5364387946062082,1,0.5364387946062082
2017-09-28,US,Grape,2.0660336361935867,1,2.0660336361935867
2017-12-08,CA,Grape,2.060159406759052,2,4.120318813518104
2017-12-22,US,Grape,2.2577145023344154,1,2.2577145023344154
2017-10-19,US,Orange,0.5519718996428338,2,1.1039437992856675
2017-11-12,US,Apple,1.0679986141158733,4,4.271994456463493
2017-08-04,US,Banana,0.2524772360402975,2,0.504954472080595
2017-12-16,GB,Grape,2.1590009798834084,2,4.318001959766817
2017-11-30,GB,Banana,0.23280815406987412,6,1.3968489244192448
2017-09-28,GB,Grape,2.1984121106030163,1,2.1984121106030163
2017-12-06,BR,Grape,1.9975933046874272,2,3.9951866093748545
2017-12-03,US,Orange,0.5669072568279031,3,1.7007217704837094
2017-11-25,JP,Banana,0.2705064199948631,2,0.5410128399897262
2017-05-11,JP,Banana,0.3232520803096626,2,0.6465041606193253
2017-09-24,CA,Banana,0.2555493903355926,2,0.5110987806711852
2017-12-13,GB,Grape,2.246062449018332,1,2.246062449018332
2017-11-17,JP,Banana,0.23518832588556315,3,0.7055649776566895
2017-08-24,JP,Grape,2.160976863393284,1,2.160976863393284
2017-12-27,US,Banana,0.27584255856165774,1,0.27584255856165774
2017-07-01,BR,Apple,1.0061705416250637,4,4.024682166500255
2017-07-30,US,Banana,0.25816669588862484,7,1.807166871220374
2017-12-23,CA,Grape,2.304245953392435,2,4.60849190678487
2017-11-25,CA,Banana,0.2826170948313432,1,0.2826170948313432
2017-12-13,JP,Banana,0.24718991525272135,3,0.741569745758164
2017-02-08,GB,Banana,0.24895515752350567,7,1.7426861026645397
2017-08-12,US,Orange,0.534246968513984,3,1.602740905541952
2017-06-25,CA,Orange,0.5469540334390353,6,3.2817242006342116
2017-07-17,US,Apple,1.0363932144715158,2,2.0727864289430316
2017-11-10,GB,Orange,0.5967755150590232,3,1.7903265451770696
2017-11-07,BR,Grape,1.888053824178786,1,1.888053824178786
2017-09-05,JP,Banana,0.25349252515014187,5,1.2674626257507093
2017-08-08,US,Apple,1.0013876520127565,3,3.0041629560382694
2017-10-06,JP,Apple,0.8507296254151295,3,2.5521888762453884
2017-09-23,JP,Grape,1.9624571562564004,2,3.9249143125128008
2017-09-27,BR,Grape,1.832686618872941,1,1.832686618872941
2017-10-13,US,Grape,2.018280045949897,1,2.018280045949897
2017-08-17,GB,Orange,0.5341667267389149,3,1.6025001802167447
2017-11-17,JP,Apple,0.9014616925857837,2,1.8029233851715674
2017-07-01,CA,Orange,0.5751600217790694,5,2.8758001088953473
2017-10-23,CA,Banana,0.2592844602531154,1,0.2592844602531154
2017-12-24,CA,Orange,0.5123259730443168,2,1.0246519460886336
2017-01-22,US,Grape,1.9984755501241178,1,1.9984755501241178
2017-11-07,US,Apple,1.0889789062405244,4,4.355915624962098
2017-04-30,CA,Banana,0.2696572973373349,4,1.0786291893493396
2017-09-26,US,Orange,0.5494080894423755,5,2.7470404472118775
2017-10-16,GB,Banana,0.23575282499904454,1,0.23575282499904454
2017-06-28,CA,Orange,0.5038310668322007,2,1.0076621336644014
2017-12-15,CA,Orange,0.6326139464841298,1,0.6326139464841298
2017-10-15,US,Grape,2.005582793044091,1,2.005582793044091
